<?xml version="1.0" encoding="UTF-8"?>
<!DOCTYPE hibernate-configuration PUBLIC "-//Hibernate/Hibernate Configuration DTD 3.0//EN" "http://hibernate.sourceforge.net/hibernate-configuration-3.0.dtd">
<hibernate-configuration>
  <session-factory>
    <property name="hibernate.dialect">org.hibernate.dialect.MySQLDialect</property>
    <property name="hibernate.connection.driver_class">com.mysql.jdbc.Driver</property>
    <property name="hibernate.connection.url">jdbc:mysql://localhost:3306/batik?zeroDateTimeBehavior=convertToNull</property>
    <property name="hibernate.connection.username">root</property>
    <mapping class="org.batik.model.Admin"/>
    <mapping class="org.batik.model.Akun"/>
    <mapping class="org.batik.model.Chats"/>
    <mapping class="org.batik.model.Keranjang"/>
    <mapping class="org.batik.model.Komentaradmin"/>
    <mapping class="org.batik.model.Komentaruser"/>
    <mapping class="org.batik.model.Konfirmasi"/>
    <mapping class="org.batik.model.Pembayaran"/>
    <mapping class="org.batik.model.Pembeli"/>
    <mapping class="org.batik.model.Pengirim"/>
    <mapping class="org.batik.model.Produk"/>
    <mapping class="org.batik.model.Toko"/>
    <mapping class="org.batik.model.Transaksi"/>
    <mapping class="org.batik.model.Whislist"/>      
    </session-factory>
</hibernate-configuration>
