<?xml version="1.0" encoding="UTF-8"?>
<project-private xmlns="http://www.netbeans.org/ns/project-private/1">
    <editor-bookmarks xmlns="http://www.netbeans.org/ns/editor-bookmarks/2" lastBookmarkId="0"/>
    <open-files xmlns="http://www.netbeans.org/ns/projectui-open-files/2">
        <group>
            <file>file:/L:/Semester%20Pendek/Tugas%20Besar/Tugas%20Besar/Tugas_Besar/src/org/batik/controller/KeranjangController.java</file>
            <file>file:/L:/Semester%20Pendek/Tugas%20Besar/Tugas%20Besar/Tugas_Besar/src/org/batik/impl/ProdukImplHibernate.java</file>
            <file>file:/L:/Semester%20Pendek/Tugas%20Besar/Tugas%20Besar/Tugas_Besar/src/org/batik/driver/BatikDriver.java</file>
        </group>
    </open-files>
</project-private>
